--------------------------------------------------------
--  File created - Thursday-July-17-2025   
--------------------------------------------------------
--------------------------------------------------------
--  DDL for Table CRATES
--------------------------------------------------------

  CREATE TABLE "DMART_USER"."CRATES" 
   (	"CRATE_ID" VARCHAR2(50 BYTE), 
	"ORDER_ID" NUMBER
   ) SEGMENT CREATION IMMEDIATE 
  PCTFREE 10 PCTUSED 40 INITRANS 1 MAXTRANS 255 
 NOCOMPRESS LOGGING
  STORAGE(INITIAL 65536 NEXT 1048576 MINEXTENTS 1 MAXEXTENTS 2147483645
  PCTINCREASE 0 FREELISTS 1 FREELIST GROUPS 1
  BUFFER_POOL DEFAULT FLASH_CACHE DEFAULT CELL_FLASH_CACHE DEFAULT)
  TABLESPACE "USERS" ;
--------------------------------------------------------
--  DDL for Table CUSTOMERS
--------------------------------------------------------

  CREATE TABLE "DMART_USER"."CUSTOMERS" 
   (	"CUSTOMER_ID" NUMBER GENERATED ALWAYS AS IDENTITY MINVALUE 1 MAXVALUE 9999999999999999999999999999 INCREMENT BY 1 START WITH 1 CACHE 20 NOORDER  NOCYCLE  NOKEEP  NOSCALE , 
	"NAME" VARCHAR2(100 BYTE), 
	"MOBILE_NUMBER" VARCHAR2(15 BYTE), 
	"ADDRESS" VARCHAR2(255 BYTE)
   ) SEGMENT CREATION IMMEDIATE 
  PCTFREE 10 PCTUSED 40 INITRANS 1 MAXTRANS 255 
 NOCOMPRESS LOGGING
  STORAGE(INITIAL 65536 NEXT 1048576 MINEXTENTS 1 MAXEXTENTS 2147483645
  PCTINCREASE 0 FREELISTS 1 FREELIST GROUPS 1
  BUFFER_POOL DEFAULT FLASH_CACHE DEFAULT CELL_FLASH_CACHE DEFAULT)
  TABLESPACE "USERS" ;
--------------------------------------------------------
--  DDL for Table HSN_TAX
--------------------------------------------------------

  CREATE TABLE "DMART_USER"."HSN_TAX" 
   (	"HSN_CODE" VARCHAR2(20 BYTE), 
	"SGST_RATE" NUMBER(5,2), 
	"CGST_RATE" NUMBER(5,2)
   ) SEGMENT CREATION IMMEDIATE 
  PCTFREE 10 PCTUSED 40 INITRANS 1 MAXTRANS 255 
 NOCOMPRESS LOGGING
  STORAGE(INITIAL 65536 NEXT 1048576 MINEXTENTS 1 MAXEXTENTS 2147483645
  PCTINCREASE 0 FREELISTS 1 FREELIST GROUPS 1
  BUFFER_POOL DEFAULT FLASH_CACHE DEFAULT CELL_FLASH_CACHE DEFAULT)
  TABLESPACE "USERS" ;
--------------------------------------------------------
--  DDL for Table ORDERS
--------------------------------------------------------

  CREATE TABLE "DMART_USER"."ORDERS" 
   (	"ORDER_ID" NUMBER, 
	"CUSTOMER_ID" NUMBER, 
	"ORDER_DATE" DATE, 
	"INVOICE_DATE" DATE, 
	"DELIVERY_DATE" DATE, 
	"DELIVERY_TIME" VARCHAR2(50 BYTE), 
	"PAYMENT_MODE" VARCHAR2(20 BYTE), 
	"TOTAL_ITEMS" NUMBER, 
	"TOTAL_QUANTITY" NUMBER
   ) SEGMENT CREATION IMMEDIATE 
  PCTFREE 10 PCTUSED 40 INITRANS 1 MAXTRANS 255 
 NOCOMPRESS LOGGING
  STORAGE(INITIAL 65536 NEXT 1048576 MINEXTENTS 1 MAXEXTENTS 2147483645
  PCTINCREASE 0 FREELISTS 1 FREELIST GROUPS 1
  BUFFER_POOL DEFAULT FLASH_CACHE DEFAULT CELL_FLASH_CACHE DEFAULT)
  TABLESPACE "USERS" ;
--------------------------------------------------------
--  DDL for Table ORDER_ITEMS
--------------------------------------------------------

  CREATE TABLE "DMART_USER"."ORDER_ITEMS" 
   (	"ITEM_ID" NUMBER GENERATED ALWAYS AS IDENTITY MINVALUE 1 MAXVALUE 9999999999999999999999999999 INCREMENT BY 1 START WITH 1 CACHE 20 NOORDER  NOCYCLE  NOKEEP  NOSCALE , 
	"CRATE_ID" VARCHAR2(50 BYTE), 
	"PRODUCT_ID" NUMBER, 
	"QUANTITY" NUMBER, 
	"RATE" NUMBER(10,2), 
	"VALUE" NUMBER(10,2)
   ) SEGMENT CREATION IMMEDIATE 
  PCTFREE 10 PCTUSED 40 INITRANS 1 MAXTRANS 255 
 NOCOMPRESS LOGGING
  STORAGE(INITIAL 65536 NEXT 1048576 MINEXTENTS 1 MAXEXTENTS 2147483645
  PCTINCREASE 0 FREELISTS 1 FREELIST GROUPS 1
  BUFFER_POOL DEFAULT FLASH_CACHE DEFAULT CELL_FLASH_CACHE DEFAULT)
  TABLESPACE "USERS" ;
--------------------------------------------------------
--  DDL for Table PRODUCTS
--------------------------------------------------------

  CREATE TABLE "DMART_USER"."PRODUCTS" 
   (	"PRODUCT_ID" NUMBER GENERATED ALWAYS AS IDENTITY MINVALUE 1 MAXVALUE 9999999999999999999999999999 INCREMENT BY 1 START WITH 1 CACHE 20 NOORDER  NOCYCLE  NOKEEP  NOSCALE , 
	"HSN_CODE" VARCHAR2(20 BYTE), 
	"PRODUCT_NAME" VARCHAR2(150 BYTE), 
	"TAX_CATEGORY" NUMBER
   ) SEGMENT CREATION IMMEDIATE 
  PCTFREE 10 PCTUSED 40 INITRANS 1 MAXTRANS 255 
 NOCOMPRESS LOGGING
  STORAGE(INITIAL 65536 NEXT 1048576 MINEXTENTS 1 MAXEXTENTS 2147483645
  PCTINCREASE 0 FREELISTS 1 FREELIST GROUPS 1
  BUFFER_POOL DEFAULT FLASH_CACHE DEFAULT CELL_FLASH_CACHE DEFAULT)
  TABLESPACE "USERS" ;
REM INSERTING into DMART_USER.CRATES
SET DEFINE OFF;
Insert into DMART_USER.CRATES (CRATE_ID,ORDER_ID) values ('00009595951004031712',1001);
Insert into DMART_USER.CRATES (CRATE_ID,ORDER_ID) values ('00009595951004031714',1001);
Insert into DMART_USER.CRATES (CRATE_ID,ORDER_ID) values ('00009595951004031728',1001);
REM INSERTING into DMART_USER.CUSTOMERS
SET DEFINE OFF;
Insert into DMART_USER.CUSTOMERS (CUSTOMER_ID,NAME,MOBILE_NUMBER,ADDRESS) values (1,'Abhishek Lodha','9742521887','Malad(W) Mumbai 400064');
REM INSERTING into DMART_USER.HSN_TAX
SET DEFINE OFF;
Insert into DMART_USER.HSN_TAX (HSN_CODE,SGST_RATE,CGST_RATE) values ('0910100',5,5);
Insert into DMART_USER.HSN_TAX (HSN_CODE,SGST_RATE,CGST_RATE) values ('21039030',6,6);
Insert into DMART_USER.HSN_TAX (HSN_CODE,SGST_RATE,CGST_RATE) values ('21069099',5,5);
Insert into DMART_USER.HSN_TAX (HSN_CODE,SGST_RATE,CGST_RATE) values ('19053100',4,4);
Insert into DMART_USER.HSN_TAX (HSN_CODE,SGST_RATE,CGST_RATE) values ('07133100',6,6);
Insert into DMART_USER.HSN_TAX (HSN_CODE,SGST_RATE,CGST_RATE) values ('8041020',10,10);
Insert into DMART_USER.HSN_TAX (HSN_CODE,SGST_RATE,CGST_RATE) values ('19059020',8,8);
Insert into DMART_USER.HSN_TAX (HSN_CODE,SGST_RATE,CGST_RATE) values ('04090000',3,3);
Insert into DMART_USER.HSN_TAX (HSN_CODE,SGST_RATE,CGST_RATE) values ('12040090',2,2);
Insert into DMART_USER.HSN_TAX (HSN_CODE,SGST_RATE,CGST_RATE) values ('12024210',12,12);
Insert into DMART_USER.HSN_TAX (HSN_CODE,SGST_RATE,CGST_RATE) values ('09093129',16,16);
Insert into DMART_USER.HSN_TAX (HSN_CODE,SGST_RATE,CGST_RATE) values ('34011190',9,9);
Insert into DMART_USER.HSN_TAX (HSN_CODE,SGST_RATE,CGST_RATE) values ('33072000',5,5);
Insert into DMART_USER.HSN_TAX (HSN_CODE,SGST_RATE,CGST_RATE) values ('33059011',15,15);
Insert into DMART_USER.HSN_TAX (HSN_CODE,SGST_RATE,CGST_RATE) values ('34022010',2,2);
Insert into DMART_USER.HSN_TAX (HSN_CODE,SGST_RATE,CGST_RATE) values ('34029011',4,4);
Insert into DMART_USER.HSN_TAX (HSN_CODE,SGST_RATE,CGST_RATE) values ('34054000',5,5);
Insert into DMART_USER.HSN_TAX (HSN_CODE,SGST_RATE,CGST_RATE) values ('11010000',10,10);
Insert into DMART_USER.HSN_TAX (HSN_CODE,SGST_RATE,CGST_RATE) values ('19059040',8,8);
REM INSERTING into DMART_USER.ORDERS
SET DEFINE OFF;
Insert into DMART_USER.ORDERS (ORDER_ID,CUSTOMER_ID,ORDER_DATE,INVOICE_DATE,DELIVERY_DATE,DELIVERY_TIME,PAYMENT_MODE,TOTAL_ITEMS,TOTAL_QUANTITY) values (1001,1,to_date('08-06-19','DD-MM-RR'),to_date('11-06-19','DD-MM-RR'),to_date('11-06-19','DD-MM-RR'),'7:00 AM - 9:30 AM','PRE-PAID',24,24);
REM INSERTING into DMART_USER.ORDER_ITEMS
SET DEFINE OFF;
Insert into DMART_USER.ORDER_ITEMS (ITEM_ID,CRATE_ID,PRODUCT_ID,QUANTITY,RATE,VALUE) values (1,'00009595951004031712',1,1,30,30);
Insert into DMART_USER.ORDER_ITEMS (ITEM_ID,CRATE_ID,PRODUCT_ID,QUANTITY,RATE,VALUE) values (2,'00009595951004031712',2,1,134,134);
Insert into DMART_USER.ORDER_ITEMS (ITEM_ID,CRATE_ID,PRODUCT_ID,QUANTITY,RATE,VALUE) values (3,'00009595951004031712',3,1,20,20);
Insert into DMART_USER.ORDER_ITEMS (ITEM_ID,CRATE_ID,PRODUCT_ID,QUANTITY,RATE,VALUE) values (4,'00009595951004031712',4,1,155,155);
Insert into DMART_USER.ORDER_ITEMS (ITEM_ID,CRATE_ID,PRODUCT_ID,QUANTITY,RATE,VALUE) values (5,'00009595951004031712',5,1,120,120);
Insert into DMART_USER.ORDER_ITEMS (ITEM_ID,CRATE_ID,PRODUCT_ID,QUANTITY,RATE,VALUE) values (6,'00009595951004031712',6,1,55,55);
Insert into DMART_USER.ORDER_ITEMS (ITEM_ID,CRATE_ID,PRODUCT_ID,QUANTITY,RATE,VALUE) values (7,'00009595951004031712',7,1,53,53);
Insert into DMART_USER.ORDER_ITEMS (ITEM_ID,CRATE_ID,PRODUCT_ID,QUANTITY,RATE,VALUE) values (8,'00009595951004031712',8,1,159,159);
Insert into DMART_USER.ORDER_ITEMS (ITEM_ID,CRATE_ID,PRODUCT_ID,QUANTITY,RATE,VALUE) values (9,'00009595951004031712',9,1,24,24);
Insert into DMART_USER.ORDER_ITEMS (ITEM_ID,CRATE_ID,PRODUCT_ID,QUANTITY,RATE,VALUE) values (10,'00009595951004031712',10,1,135,135);
Insert into DMART_USER.ORDER_ITEMS (ITEM_ID,CRATE_ID,PRODUCT_ID,QUANTITY,RATE,VALUE) values (11,'00009595951004031712',11,1,10,10);
Insert into DMART_USER.ORDER_ITEMS (ITEM_ID,CRATE_ID,PRODUCT_ID,QUANTITY,RATE,VALUE) values (12,'00009595951004031712',12,1,70,70);
Insert into DMART_USER.ORDER_ITEMS (ITEM_ID,CRATE_ID,PRODUCT_ID,QUANTITY,RATE,VALUE) values (13,'00009595951004031712',13,1,52,52);
Insert into DMART_USER.ORDER_ITEMS (ITEM_ID,CRATE_ID,PRODUCT_ID,QUANTITY,RATE,VALUE) values (14,'00009595951004031712',14,1,45,45);
Insert into DMART_USER.ORDER_ITEMS (ITEM_ID,CRATE_ID,PRODUCT_ID,QUANTITY,RATE,VALUE) values (15,'00009595951004031712',15,1,34,34);
Insert into DMART_USER.ORDER_ITEMS (ITEM_ID,CRATE_ID,PRODUCT_ID,QUANTITY,RATE,VALUE) values (16,'00009595951004031714',16,1,90,90);
Insert into DMART_USER.ORDER_ITEMS (ITEM_ID,CRATE_ID,PRODUCT_ID,QUANTITY,RATE,VALUE) values (17,'00009595951004031714',17,1,139,139);
Insert into DMART_USER.ORDER_ITEMS (ITEM_ID,CRATE_ID,PRODUCT_ID,QUANTITY,RATE,VALUE) values (18,'00009595951004031714',18,1,78,78);
Insert into DMART_USER.ORDER_ITEMS (ITEM_ID,CRATE_ID,PRODUCT_ID,QUANTITY,RATE,VALUE) values (19,'00009595951004031714',19,1,43,43);
Insert into DMART_USER.ORDER_ITEMS (ITEM_ID,CRATE_ID,PRODUCT_ID,QUANTITY,RATE,VALUE) values (20,'00009595951004031714',20,1,625,625);
Insert into DMART_USER.ORDER_ITEMS (ITEM_ID,CRATE_ID,PRODUCT_ID,QUANTITY,RATE,VALUE) values (21,'00009595951004031714',21,1,42,42);
Insert into DMART_USER.ORDER_ITEMS (ITEM_ID,CRATE_ID,PRODUCT_ID,QUANTITY,RATE,VALUE) values (22,'00009595951004031728',22,1,354,354);
Insert into DMART_USER.ORDER_ITEMS (ITEM_ID,CRATE_ID,PRODUCT_ID,QUANTITY,RATE,VALUE) values (23,'00009595951004031728',23,1,99,99);
Insert into DMART_USER.ORDER_ITEMS (ITEM_ID,CRATE_ID,PRODUCT_ID,QUANTITY,RATE,VALUE) values (24,'00009595951004031728',24,1,125,125);
REM INSERTING into DMART_USER.PRODUCTS
SET DEFINE OFF;
Insert into DMART_USER.PRODUCTS (PRODUCT_ID,HSN_CODE,PRODUCT_NAME,TAX_CATEGORY) values (1,'0910100','Everest Sambhar Masala - 50gm',2);
Insert into DMART_USER.PRODUCTS (PRODUCT_ID,HSN_CODE,PRODUCT_NAME,TAX_CATEGORY) values (2,'21039030','Funfoods Veg Mayonnaise - 875gm',3);
Insert into DMART_USER.PRODUCTS (PRODUCT_ID,HSN_CODE,PRODUCT_NAME,TAX_CATEGORY) values (3,'21069099','Garden Mini Bhakharvadi - 160G',3);
Insert into DMART_USER.PRODUCTS (PRODUCT_ID,HSN_CODE,PRODUCT_NAME,TAX_CATEGORY) values (4,'21069099','Haldiram Rasgulla (Tin) 1Kg',2);
Insert into DMART_USER.PRODUCTS (PRODUCT_ID,HSN_CODE,PRODUCT_NAME,TAX_CATEGORY) values (5,'19053100','Karachi Fruit Biscuits - 400gm',4);
Insert into DMART_USER.PRODUCTS (PRODUCT_ID,HSN_CODE,PRODUCT_NAME,TAX_CATEGORY) values (6,'07133100','Moong Dal - 500gm',1);
Insert into DMART_USER.PRODUCTS (PRODUCT_ID,HSN_CODE,PRODUCT_NAME,TAX_CATEGORY) values (7,'07133100','Moong Dal Chilka - 500gm',1);
Insert into DMART_USER.PRODUCTS (PRODUCT_ID,HSN_CODE,PRODUCT_NAME,TAX_CATEGORY) values (8,'8041020','Nuts4U Premium Quality Dates 500gm',3);
Insert into DMART_USER.PRODUCTS (PRODUCT_ID,HSN_CODE,PRODUCT_NAME,TAX_CATEGORY) values (9,'19059020','Parle Hide 1 Choco Chip Coki 120gm',4);
Insert into DMART_USER.PRODUCTS (PRODUCT_ID,HSN_CODE,PRODUCT_NAME,TAX_CATEGORY) values (10,'04090000','Patanjali Honey 500gm',2);
Insert into DMART_USER.PRODUCTS (PRODUCT_ID,HSN_CODE,PRODUCT_NAME,TAX_CATEGORY) values (11,'12040090','Premia Alsi - 100gm',2);
Insert into DMART_USER.PRODUCTS (PRODUCT_ID,HSN_CODE,PRODUCT_NAME,TAX_CATEGORY) values (12,'12024210','Premia Groundnut - 500gm',2);
Insert into DMART_USER.PRODUCTS (PRODUCT_ID,HSN_CODE,PRODUCT_NAME,TAX_CATEGORY) values (13,'09093129','Premia Jeera - 200gm',2);
Insert into DMART_USER.PRODUCTS (PRODUCT_ID,HSN_CODE,PRODUCT_NAME,TAX_CATEGORY) values (14,'21069099','Rajam Black Pepper Chips 200gm',3);
Insert into DMART_USER.PRODUCTS (PRODUCT_ID,HSN_CODE,PRODUCT_NAME,TAX_CATEGORY) values (15,'19059020','Royal Khari 200gm',4);
Insert into DMART_USER.PRODUCTS (PRODUCT_ID,HSN_CODE,PRODUCT_NAME,TAX_CATEGORY) values (16,'34011190','Cinthol Lime Soap(4X100 Gm)+Free',4);
Insert into DMART_USER.PRODUCTS (PRODUCT_ID,HSN_CODE,PRODUCT_NAME,TAX_CATEGORY) values (17,'33072000','Engage Urge Bdylic Man Deo Spry 150ml',4);
Insert into DMART_USER.PRODUCTS (PRODUCT_ID,HSN_CODE,PRODUCT_NAME,TAX_CATEGORY) values (18,'33059011','Parachute Jasmine Co-Hair Oil - 190Ml',4);
Insert into DMART_USER.PRODUCTS (PRODUCT_ID,HSN_CODE,PRODUCT_NAME,TAX_CATEGORY) values (19,'34022010','Star Light 250G X 4',4);
Insert into DMART_USER.PRODUCTS (PRODUCT_ID,HSN_CODE,PRODUCT_NAME,TAX_CATEGORY) values (20,'34029011','Tide Dtrgnt Powder Lemon2 6kg+2kg Fr',4);
Insert into DMART_USER.PRODUCTS (PRODUCT_ID,HSN_CODE,PRODUCT_NAME,TAX_CATEGORY) values (21,'34054000','Vim Extra Anti Smell Dishwash Bar - 600gm',4);
Insert into DMART_USER.PRODUCTS (PRODUCT_ID,HSN_CODE,PRODUCT_NAME,TAX_CATEGORY) values (22,'11010000','Aashirvaad MP Wht Wht Atta 10kg',2);
Insert into DMART_USER.PRODUCTS (PRODUCT_ID,HSN_CODE,PRODUCT_NAME,TAX_CATEGORY) values (23,'19059040','Ganesh Bikaner Sp Papad - 400gm',1);
Insert into DMART_USER.PRODUCTS (PRODUCT_ID,HSN_CODE,PRODUCT_NAME,TAX_CATEGORY) values (24,null,'Mapro Coolz Rose Sharbat - 1l',4);
--------------------------------------------------------
--  Constraints for Table HSN_TAX
--------------------------------------------------------

  ALTER TABLE "DMART_USER"."HSN_TAX" ADD PRIMARY KEY ("HSN_CODE")
  USING INDEX PCTFREE 10 INITRANS 2 MAXTRANS 255 COMPUTE STATISTICS 
  STORAGE(INITIAL 65536 NEXT 1048576 MINEXTENTS 1 MAXEXTENTS 2147483645
  PCTINCREASE 0 FREELISTS 1 FREELIST GROUPS 1
  BUFFER_POOL DEFAULT FLASH_CACHE DEFAULT CELL_FLASH_CACHE DEFAULT)
  TABLESPACE "USERS"  ENABLE;
--------------------------------------------------------
--  Constraints for Table ORDER_ITEMS
--------------------------------------------------------

  ALTER TABLE "DMART_USER"."ORDER_ITEMS" MODIFY ("ITEM_ID" NOT NULL ENABLE);
  ALTER TABLE "DMART_USER"."ORDER_ITEMS" ADD PRIMARY KEY ("ITEM_ID")
  USING INDEX PCTFREE 10 INITRANS 2 MAXTRANS 255 COMPUTE STATISTICS 
  STORAGE(INITIAL 65536 NEXT 1048576 MINEXTENTS 1 MAXEXTENTS 2147483645
  PCTINCREASE 0 FREELISTS 1 FREELIST GROUPS 1
  BUFFER_POOL DEFAULT FLASH_CACHE DEFAULT CELL_FLASH_CACHE DEFAULT)
  TABLESPACE "USERS"  ENABLE;
--------------------------------------------------------
--  Constraints for Table ORDERS
--------------------------------------------------------

  ALTER TABLE "DMART_USER"."ORDERS" ADD PRIMARY KEY ("ORDER_ID")
  USING INDEX PCTFREE 10 INITRANS 2 MAXTRANS 255 COMPUTE STATISTICS 
  STORAGE(INITIAL 65536 NEXT 1048576 MINEXTENTS 1 MAXEXTENTS 2147483645
  PCTINCREASE 0 FREELISTS 1 FREELIST GROUPS 1
  BUFFER_POOL DEFAULT FLASH_CACHE DEFAULT CELL_FLASH_CACHE DEFAULT)
  TABLESPACE "USERS"  ENABLE;
--------------------------------------------------------
--  Constraints for Table CRATES
--------------------------------------------------------

  ALTER TABLE "DMART_USER"."CRATES" ADD PRIMARY KEY ("CRATE_ID")
  USING INDEX PCTFREE 10 INITRANS 2 MAXTRANS 255 COMPUTE STATISTICS 
  STORAGE(INITIAL 65536 NEXT 1048576 MINEXTENTS 1 MAXEXTENTS 2147483645
  PCTINCREASE 0 FREELISTS 1 FREELIST GROUPS 1
  BUFFER_POOL DEFAULT FLASH_CACHE DEFAULT CELL_FLASH_CACHE DEFAULT)
  TABLESPACE "USERS"  ENABLE;
--------------------------------------------------------
--  Constraints for Table CUSTOMERS
--------------------------------------------------------

  ALTER TABLE "DMART_USER"."CUSTOMERS" MODIFY ("CUSTOMER_ID" NOT NULL ENABLE);
  ALTER TABLE "DMART_USER"."CUSTOMERS" ADD PRIMARY KEY ("CUSTOMER_ID")
  USING INDEX PCTFREE 10 INITRANS 2 MAXTRANS 255 COMPUTE STATISTICS 
  STORAGE(INITIAL 65536 NEXT 1048576 MINEXTENTS 1 MAXEXTENTS 2147483645
  PCTINCREASE 0 FREELISTS 1 FREELIST GROUPS 1
  BUFFER_POOL DEFAULT FLASH_CACHE DEFAULT CELL_FLASH_CACHE DEFAULT)
  TABLESPACE "USERS"  ENABLE;
--------------------------------------------------------
--  Constraints for Table PRODUCTS
--------------------------------------------------------

  ALTER TABLE "DMART_USER"."PRODUCTS" MODIFY ("PRODUCT_ID" NOT NULL ENABLE);
  ALTER TABLE "DMART_USER"."PRODUCTS" ADD PRIMARY KEY ("PRODUCT_ID")
  USING INDEX PCTFREE 10 INITRANS 2 MAXTRANS 255 COMPUTE STATISTICS 
  STORAGE(INITIAL 65536 NEXT 1048576 MINEXTENTS 1 MAXEXTENTS 2147483645
  PCTINCREASE 0 FREELISTS 1 FREELIST GROUPS 1
  BUFFER_POOL DEFAULT FLASH_CACHE DEFAULT CELL_FLASH_CACHE DEFAULT)
  TABLESPACE "USERS"  ENABLE;
--------------------------------------------------------
--  Ref Constraints for Table CRATES
--------------------------------------------------------

  ALTER TABLE "DMART_USER"."CRATES" ADD FOREIGN KEY ("ORDER_ID")
	  REFERENCES "DMART_USER"."ORDERS" ("ORDER_ID") ENABLE;
--------------------------------------------------------
--  Ref Constraints for Table ORDERS
--------------------------------------------------------

  ALTER TABLE "DMART_USER"."ORDERS" ADD FOREIGN KEY ("CUSTOMER_ID")
	  REFERENCES "DMART_USER"."CUSTOMERS" ("CUSTOMER_ID") ENABLE;
--------------------------------------------------------
--  Ref Constraints for Table ORDER_ITEMS
--------------------------------------------------------

  ALTER TABLE "DMART_USER"."ORDER_ITEMS" ADD FOREIGN KEY ("CRATE_ID")
	  REFERENCES "DMART_USER"."CRATES" ("CRATE_ID") ENABLE;
  ALTER TABLE "DMART_USER"."ORDER_ITEMS" ADD FOREIGN KEY ("PRODUCT_ID")
	  REFERENCES "DMART_USER"."PRODUCTS" ("PRODUCT_ID") ENABLE;
--------------------------------------------------------
--  Ref Constraints for Table PRODUCTS
--------------------------------------------------------

  ALTER TABLE "DMART_USER"."PRODUCTS" ADD CONSTRAINT "FK_HSN_TAX" FOREIGN KEY ("HSN_CODE")
	  REFERENCES "DMART_USER"."HSN_TAX" ("HSN_CODE") ENABLE;
